sl no,date,item_name,item_type,,quantity,,,,time_of_sale,,,,item,count
1,1/4/2022,Sandwich,Fastfood,,7,,,,Evening,,,,Sandwich,1097
2,1/5/2022,Aalopuri,Fastfood,,13,,,,Afternoon,,,,Aalopuri,1044
3,1/6/2022,Panipuri,Fastfood,,6,,,,Evening,,,,Panipuri,1226
4,1/7/2022,Vadapav,Fastfood,,5,,,,Morning,,,,Vadapav,1006
5,1/7/2022,Sugarcane juice,Beverages,,7,,,,Midnight,,,,Sugarcane juice,1278
6,1/7/2022,Panipuri,Fastfood,,10,,,,Night,,,,Cold coffee,1361
7,1/7/2022,Cold coffee,Beverages,,13,,,,Evening,,,,Frankie,1150
8,1/7/2022,Cold coffee,Beverages,,6,,,,Evening,,,,,
9,1/8/2022,Frankie,Fastfood,,5,,,,Morning,,,,,
10,1/9/2022,Sandwich,Fastfood,,15,,,,Night,,,,,
11,1/9/2022,Panipuri,Fastfood,,2,,,,Evening,,,,,
12,10/01/2022,Vadapav,Fastfood,,4,,,,Evening,,,,,
13,1/10/2022,Aalopuri,Fastfood,,9,,,,Evening,,,,,
14,1/10/2022,Panipuri,Fastfood,,5,,,,Morning,,,,,
15,1/10/2022,Sandwich,Fastfood,,13,,,,Morning,,,,,
16,1/11/2022,Aalopuri,Fastfood,,12,,,,Morning,,,,,
17,1/11/2022,Panipuri,Fastfood,,10,,,,Afternoon,,,,,
18,1/11/2022,Panipuri,Fastfood,,2,,,,Evening,,,,,
19,1/12/2022,Frankie,Fastfood,,8,,,,Afternoon,,,,,
20,1/12/2022,Sandwich,Fastfood,,7,,,,Morning,,,,,
21,1/12/2022,Vadapav,Fastfood,,6,,,,Afternoon,,,,,
22,2/4/2022,Sandwich,Fastfood,,15,,,,Afternoon,,,,,
23,2/4/2022,Cold coffee,Beverages,,15,,,,Midnight,,,,,
24,2/5/2022,Cold coffee,Beverages,,10,,,,Night,,,,,
25,2/6/2022,Cold coffee,Beverages,,4,,,,Evening,,,,,
26,2/7/2022,Cold coffee,Beverages,,10,,,,Afternoon,,,,,
27,2/7/2022,Cold coffee,Beverages,,1,,,,Midnight,,,,,
28,2/7/2022,Panipuri,Fastfood,,2,,,,Midnight,,,,,
29,2/7/2022,Sugarcane juice,Beverages,,1,,,,Midnight,,,,,
30,2/7/2022,Sugarcane juice,Beverages,,10,,,,Evening,,,,,
31,2/7/2022,Panipuri,Fastfood,,13,,,,Evening,,,,,
32,2/8/2022,Cold coffee,Beverages,,7,,,,Evening,,,,,
33,2/8/2022,Panipuri,Fastfood,,4,,,,Night,,,,,
34,2/8/2022,Cold coffee,Beverages,,8,,,,Afternoon,,,,,
35,2/10/2022,Sugarcane juice,Beverages,,8,,,,Evening,,,,,
36,2/10/2022,Frankie,Fastfood,,10,,,,Night,,,,,
37,2/10/2022,Vadapav,Fastfood,,12,,,,Evening,,,,,
38,2/10/2022,Cold coffee,Beverages,,2,,,,Morning,,,,,
39,2/10/2022,Sugarcane juice,Beverages,,5,,,,Afternoon,,,,,
40,2/10/2022,Frankie,Fastfood,,2,,,,Morning,,,,,
41,2/11/2022,Vadapav,Fastfood,,8,,,,Midnight,,,,,
42,2/11/2022,Frankie,Fastfood,,4,,,,Morning,,,,,
43,2/11/2022,Aalopuri,Fastfood,,1,,,,Midnight,,,,,
44,2/11/2022,Sandwich,Fastfood,,7,,,,Night,,,,,
45,2/11/2022,Sandwich,Fastfood,,12,,,,Morning,,,,,
46,2/12/2022,Sugarcane juice,Beverages,,14,,,,Morning,,,,,
47,2/12/2022,Sandwich,Fastfood,,15,,,,Night,,,,,
48,2/12/2022,Cold coffee,Beverages,,6,,,,Evening,,,,,
49,3/4/2022,Sandwich,Fastfood,,1,,,,Morning,,,,,
50,3/4/2022,Aalopuri,Fastfood,,10,,,,Midnight,,,,,
51,3/4/2022,Panipuri,Fastfood,,11,,,,Night,,,,,
52,3/5/2022,Sugarcane juice,Beverages,,9,,,,Evening,,,,,
53,3/5/2022,Vadapav,Fastfood,,13,,,,Evening,,,,,
54,3/5/2022,Panipuri,Fastfood,,7,,,,Morning,,,,,
55,3/5/2022,Sandwich,Fastfood,,8,,,,Evening,,,,,
56,3/7/2022,Aalopuri,Fastfood,,13,,,,Night,,,,,
57,3/7/2022,Cold coffee,Beverages,,2,,,,Midnight,,,,,
58,3/7/2022,Sandwich,Fastfood,,2,,,,Evening,,,,,
59,3/8/2022,Vadapav,Fastfood,,1,,,,Midnight,,,,,
60,3/8/2022,Sugarcane juice,Beverages,,7,,,,Morning,,,,,
61,3/9/2022,Aalopuri,Fastfood,,2,,,,Evening,,,,,
62,3/9/2022,Sugarcane juice,Beverages,,13,,,,Midnight,,,,,
63,3/10/2022,Sugarcane juice,Beverages,,1,,,,Afternoon,,,,,
64,3/10/2022,Vadapav,Fastfood,,2,,,,Morning,,,,,
65,3/10/2022,Sugarcane juice,Beverages,,6,,,,Midnight,,,,,
66,3/10/2022,Frankie,Fastfood,,13,,,,Morning,,,,,
67,3/11/2022,Frankie,Fastfood,,6,,,,Afternoon,,,,,
68,3/11/2022,Cold coffee,Beverages,,10,,,,Night,,,,,
69,3/12/2022,Aalopuri,Fastfood,,1,,,,Morning,,,,,
70,3/12/2022,Sugarcane juice,Beverages,,14,,,,Evening,,,,,
71,3/12/2022,Panipuri,Fastfood,,9,,,,Midnight,,,,,
72,4/4/2022,Cold coffee,Beverages,,4,,,,Evening,,,,,
73,4/4/2022,Sandwich,Fastfood,,14,,,,Afternoon,,,,,
74,4/4/2022,Cold coffee,Beverages,,15,,,,Afternoon,,,,,
75,4/4/2022,Sandwich,Fastfood,,15,,,,Afternoon,,,,,
76,4/5/2022,Vadapav,Fastfood,,3,,,,Midnight,,,,,
77,4/5/2022,Frankie,Fastfood,,7,,,,Evening,,,,,
78,4/5/2022,Sugarcane juice,Beverages,,13,,,,Morning,,,,,
79,4/5/2022,Aalopuri,Fastfood,,11,,,,Night,,,,,
80,4/6/2022,Panipuri,Fastfood,,2,,,,Morning,,,,,
81,4/7/2022,Sandwich,Fastfood,,10,,,,Evening,,,,,
82,4/7/2022,Vadapav,Fastfood,,6,,,,Afternoon,,,,,
83,4/7/2022,Vadapav,Fastfood,,14,,,,Night,,,,,
84,4/7/2022,Sugarcane juice,Beverages,,1,,,,Morning,,,,,
85,4/8/2022,Panipuri,Fastfood,,14,,,,Morning,,,,,
86,4/8/2022,Panipuri,Fastfood,,1,,,,Midnight,,,,,
87,4/8/2022,Sugarcane juice,Beverages,,9,,,,Evening,,,,,
88,4/9/2022,Sandwich,Fastfood,,8,,,,Midnight,,,,,
89,4/9/2022,Sandwich,Fastfood,,5,,,,Evening,,,,,
90,4/10/2022,Sugarcane juice,Beverages,,12,,,,Evening,,,,,
91,4/10/2022,Cold coffee,Beverages,,10,,,,Night,,,,,
92,4/11/2022,Aalopuri,Fastfood,,13,,,,Morning,,,,,
93,4/12/2022,Aalopuri,Fastfood,,2,,,,Night,,,,,
94,4/12/2022,Frankie,Fastfood,,4,,,,Evening,,,,,
95,4/12/2022,Frankie,Fastfood,,15,,,,Midnight,,,,,
96,4/12/2022,Cold coffee,Beverages,,15,,,,Morning,,,,,
97,4/12/2022,Sugarcane juice,Beverages,,7,,,,Morning,,,,,
98,5/4/2022,Frankie,Fastfood,,2,,,,Morning,,,,,
99,5/5/2022,Cold coffee,Beverages,,12,,,,Morning,,,,,
100,5/5/2022,Cold coffee,Beverages,,11,,,,Morning,,,,,
101,5/5/2022,Sugarcane juice,Beverages,,5,,,,Midnight,,,,,
102,5/5/2022,Sugarcane juice,Beverages,,8,,,,Night,,,,,
103,5/6/2022,Panipuri,Fastfood,,7,,,,Morning,,,,,
104,5/6/2022,Vadapav,Fastfood,,3,,,,Afternoon,,,,,
105,5/7/2022,Panipuri,Fastfood,,15,,,,Night,,,,,
106,5/8/2022,Sandwich,Fastfood,,9,,,,Morning,,,,,
107,5/8/2022,Sugarcane juice,Beverages,,5,,,,Midnight,,,,,
108,5/8/2022,Vadapav,Fastfood,,15,,,,Evening,,,,,
109,5/9/2022,Sugarcane juice,Beverages,,12,,,,Night,,,,,
110,5/9/2022,Sandwich,Fastfood,,4,,,,Midnight,,,,,
111,5/9/2022,Vadapav,Fastfood,,8,,,,Evening,,,,,
112,5/10/2022,Vadapav,Fastfood,,4,,,,Midnight,,,,,
113,5/10/2022,Vadapav,Fastfood,,9,,,,Night,,,,,
114,5/10/2022,Vadapav,Fastfood,,13,,,,Midnight,,,,,
115,5/10/2022,Vadapav,Fastfood,,6,,,,Morning,,,,,
116,5/11/2022,Panipuri,Fastfood,,10,,,,Night,,,,,
117,5/11/2022,Panipuri,Fastfood,,6,,,,Night,,,,,
118,5/11/2022,Panipuri,Fastfood,,8,,,,Night,,,,,
119,5/11/2022,Sandwich,Fastfood,,4,,,,Night,,,,,
120,5/11/2022,Frankie,Fastfood,,9,,,,Midnight,,,,,
121,5/12/2022,Cold coffee,Beverages,,6,,,,Night,,,,,
122,5/12/2022,Vadapav,Fastfood,,4,,,,Night,,,,,
123,5/12/2022,Vadapav,Fastfood,,8,,,,Evening,,,,,
124,6/5/2022,Aalopuri,Fastfood,,4,,,,Morning,,,,,
125,6/5/2022,Sugarcane juice,Beverages,,12,,,,Morning,,,,,
126,6/5/2022,Aalopuri,Fastfood,,7,,,,Morning,,,,,
127,6/5/2022,Aalopuri,Fastfood,,14,,,,Evening,,,,,
128,6/6/2022,Sugarcane juice,Beverages,,2,,,,Afternoon,,,,,
129,6/6/2022,Aalopuri,Fastfood,,11,,,,Night,,,,,
130,6/6/2022,Sugarcane juice,Beverages,,4,,,,Morning,,,,,
131,6/6/2022,Frankie,Fastfood,,9,,,,Night,,,,,
132,6/7/2022,Sandwich,Fastfood,,1,,,,Midnight,,,,,
133,6/7/2022,Aalopuri,Fastfood,,2,,,,Afternoon,,,,,
134,6/8/2022,Panipuri,Fastfood,,5,,,,Afternoon,,,,,
135,6/8/2022,Aalopuri,Fastfood,,3,,,,Morning,,,,,
136,6/9/2022,Vadapav,Fastfood,,14,,,,Midnight,,,,,
137,6/9/2022,Cold coffee,Beverages,,7,,,,Evening,,,,,
138,6/10/2022,Cold coffee,Beverages,,2,,,,Midnight,,,,,
139,6/11/2022,Frankie,Fastfood,,4,,,,Morning,,,,,
140,6/11/2022,Cold coffee,Beverages,,14,,,,Night,,,,,
141,6/11/2022,Cold coffee,Beverages,,9,,,,Evening,,,,,
142,6/11/2022,Cold coffee,Beverages,,11,,,,Morning,,,,,
143,7/4/2022,Sandwich,Fastfood,,13,,,,Morning,,,,,
144,7/4/2022,Vadapav,Fastfood,,3,,,,Midnight,,,,,
145,7/4/2022,Sandwich,Fastfood,,11,,,,Evening,,,,,
146,7/5/2022,Vadapav,Fastfood,,7,,,,Evening,,,,,
147,7/5/2022,Sandwich,Fastfood,,10,,,,Night,,,,,
148,7/5/2022,Aalopuri,Fastfood,,11,,,,Midnight,,,,,
149,7/5/2022,Cold coffee,Beverages,,8,,,,Evening,,,,,
150,7/6/2022,Frankie,Fastfood,,8,,,,Morning,,,,,
151,7/6/2022,Sugarcane juice,Beverages,,1,,,,Morning,,,,,
152,7/7/2022,Cold coffee,Beverages,,10,,,,Evening,,,,,
153,7/8/2022,Vadapav,Fastfood,,11,,,,Midnight,,,,,
154,7/9/2022,Sandwich,Fastfood,,13,,,,Evening,,,,,
155,7/9/2022,Panipuri,Fastfood,,3,,,,Evening,,,,,
156,7/9/2022,Frankie,Fastfood,,2,,,,Afternoon,,,,,
157,7/10/2022,Sandwich,Fastfood,,6,,,,Evening,,,,,
158,7/10/2022,Frankie,Fastfood,,7,,,,Evening,,,,,
159,7/10/2022,Cold coffee,Beverages,,7,,,,Afternoon,,,,,
160,7/11/2022,Cold coffee,Beverages,,10,,,,Night,,,,,
161,7/12/2022,Aalopuri,Fastfood,,2,,,,Afternoon,,,,,
162,7/12/2022,Vadapav,Fastfood,,14,,,,Evening,,,,,
163,7/12/2022,Sugarcane juice,Beverages,,9,,,,Afternoon,,,,,
164,8/4/2022,Panipuri,Fastfood,,11,,,,Night,,,,,
165,8/4/2022,Vadapav,Fastfood,,4,,,,Midnight,,,,,
166,8/4/2022,Frankie,Fastfood,,1,,,,Evening,,,,,
167,8/5/2022,Panipuri,Fastfood,,11,,,,Morning,,,,,
168,8/5/2022,Sugarcane juice,Beverages,,12,,,,Midnight,,,,,
169,8/5/2022,Sandwich,Fastfood,,1,,,,Afternoon,,,,,
170,8/5/2022,Frankie,Fastfood,,13,,,,Evening,,,,,
171,8/5/2022,Sugarcane juice,Beverages,,1,,,,Afternoon,,,,,
172,8/5/2022,Sugarcane juice,Beverages,,4,,,,Afternoon,,,,,
173,8/6/2022,Vadapav,Fastfood,,14,,,,Night,,,,,
174,8/7/2022,Frankie,Fastfood,,5,,,,Night,,,,,
175,8/7/2022,Panipuri,Fastfood,,10,,,,Night,,,,,
176,8/8/2022,Cold coffee,Beverages,,12,,,,Afternoon,,,,,
177,8/8/2022,Panipuri,Fastfood,,5,,,,Afternoon,,,,,
178,8/9/2022,Panipuri,Fastfood,,2,,,,Evening,,,,,
179,8/9/2022,Frankie,Fastfood,,10,,,,Night,,,,,
180,8/9/2022,Frankie,Fastfood,,9,,,,Night,,,,,
181,8/10/2022,Sugarcane juice,Beverages,,14,,,,Midnight,,,,,
182,8/10/2022,Sandwich,Fastfood,,11,,,,Midnight,,,,,
183,8/10/2022,Frankie,Fastfood,,5,,,,Night,,,,,
184,8/10/2022,Frankie,Fastfood,,2,,,,Night,,,,,
185,8/11/2022,Panipuri,Fastfood,,10,,,,Midnight,,,,,
186,8/11/2022,Panipuri,Fastfood,,13,,,,Midnight,,,,,
187,8/11/2022,Sugarcane juice,Beverages,,14,,,,Evening,,,,,
188,8/12/2022,Cold coffee,Beverages,,13,,,,Midnight,,,,,
189,9/4/2022,Aalopuri,Fastfood,,10,,,,Night,,,,,
190,9/4/2022,Cold coffee,Beverages,,6,,,,Night,,,,,
191,9/4/2022,Vadapav,Fastfood,,12,,,,Midnight,,,,,
192,9/4/2022,Sandwich,Fastfood,,1,,,,Evening,,,,,
193,9/5/2022,Aalopuri,Fastfood,,8,,,,Night,,,,,
194,9/5/2022,Cold coffee,Beverages,,14,,,,Morning,,,,,
195,9/5/2022,Panipuri,Fastfood,,14,,,,Night,,,,,
196,9/5/2022,Frankie,Fastfood,,9,,,,Afternoon,,,,,
197,9/5/2022,Cold coffee,Beverages,,10,,,,Morning,,,,,
198,9/5/2022,Vadapav,Fastfood,,15,,,,Midnight,,,,,
199,9/5/2022,Sugarcane juice,Beverages,,1,,,,Night,,,,,
200,9/5/2022,Cold coffee,Beverages,,4,,,,Midnight,,,,,
201,9/6/2022,Cold coffee,Beverages,,6,,,,Evening,,,,,
202,9/6/2022,Cold coffee,Beverages,,7,,,,Night,,,,,
203,9/7/2022,Aalopuri,Fastfood,,1,,,,Midnight,,,,,
204,9/7/2022,Vadapav,Fastfood,,8,,,,Morning,,,,,
205,9/8/2022,Sandwich,Fastfood,,7,,,,Morning,,,,,
206,9/8/2022,Sandwich,Fastfood,,3,,,,Afternoon,,,,,
207,9/8/2022,Sugarcane juice,Beverages,,14,,,,Afternoon,,,,,
208,9/8/2022,Frankie,Fastfood,,4,,,,Afternoon,,,,,
209,9/8/2022,Cold coffee,Beverages,,15,,,,Morning,,,,,
210,9/9/2022,Frankie,Fastfood,,4,,,,Afternoon,,,,,
211,9/9/2022,Sugarcane juice,Beverages,,4,,,,Morning,,,,,
212,9/9/2022,Cold coffee,Beverages,,1,,,,Evening,,,,,
213,9/10/2022,Sandwich,Fastfood,,14,,,,Morning,,,,,
214,9/10/2022,Cold coffee,Beverages,,12,,,,Afternoon,,,,,
215,9/10/2022,Panipuri,Fastfood,,14,,,,Evening,,,,,
216,9/10/2022,Sandwich,Fastfood,,14,,,,Evening,,,,,
217,9/10/2022,Sandwich,Fastfood,,2,,,,Afternoon,,,,,
218,9/10/2022,Panipuri,Fastfood,,1,,,,Afternoon,,,,,
219,9/11/2022,Panipuri,Fastfood,,1,,,,Morning,,,,,
220,9/12/2022,Cold coffee,Beverages,,1,,,,Morning,,,,,
221,9/12/2022,Aalopuri,Fastfood,,2,,,,Morning,,,,,
222,9/12/2022,Cold coffee,Beverages,,8,,,,Evening,,,,,
223,9/12/2022,Aalopuri,Fastfood,,6,,,,Morning,,,,,
224,9/12/2022,Frankie,Fastfood,,9,,,,Night,,,,,
225,10/4/2022,Vadapav,Fastfood,,7,,,,Midnight,,,,,
226,10/4/2022,Aalopuri,Fastfood,,15,,,,Evening,,,,,
227,10/4/2022,Frankie,Fastfood,,4,,,,Afternoon,,,,,
228,10/5/2022,Frankie,Fastfood,,14,,,,Morning,,,,,
229,10/6/2022,Panipuri,Fastfood,,1,,,,Morning,,,,,
230,10/6/2022,Vadapav,Fastfood,,5,,,,Night,,,,,
231,10/6/2022,Cold coffee,Beverages,,8,,,,Evening,,,,,
232,10/7/2022,Sandwich,Fastfood,,7,,,,Morning,,,,,
233,10/7/2022,Frankie,Fastfood,,2,,,,Evening,,,,,
234,10/7/2022,Frankie,Fastfood,,13,,,,Morning,,,,,
235,10/7/2022,Sugarcane juice,Beverages,,5,,,,Midnight,,,,,
236,10/8/2022,Sugarcane juice,Beverages,,7,,,,Afternoon,,,,,
237,10/8/2022,Panipuri,Fastfood,,6,,,,Afternoon,,,,,
238,10/8/2022,Panipuri,Fastfood,,11,,,,Morning,,,,,
239,10/8/2022,Panipuri,Fastfood,,2,,,,Midnight,,,,,
240,10/8/2022,Sugarcane juice,Beverages,,14,,,,Evening,,,,,
241,10/9/2022,Sugarcane juice,Beverages,,2,,,,Night,,,,,
242,10/10/2022,Aalopuri,Fastfood,,12,,,,Afternoon,,,,,
243,10/11/2022,Frankie,Fastfood,,9,,,,Night,,,,,
244,10/11/2022,Sandwich,Fastfood,,2,,,,Afternoon,,,,,
245,10/12/2022,Sugarcane juice,Beverages,,7,,,,Morning,,,,,
246,10/12/2022,Sandwich,Fastfood,,1,,,,Night,,,,,
247,10/12/2022,Sugarcane juice,Beverages,,1,,,,Evening,,,,,
248,11/4/2022,Vadapav,Fastfood,,6,,,,Midnight,,,,,
249,11/5/2022,Aalopuri,Fastfood,,4,,,,Morning,,,,,
250,11/6/2022,Cold coffee,Beverages,,2,,,,Night,,,,,
251,11/6/2022,Sandwich,Fastfood,,6,,,,Midnight,,,,,
252,11/6/2022,Frankie,Fastfood,,13,,,,Evening,,,,,
253,11/7/2022,Sandwich,Fastfood,,15,,,,Afternoon,,,,,
254,11/7/2022,Sandwich,Fastfood,,10,,,,Midnight,,,,,
255,11/9/2022,Sugarcane juice,Beverages,,3,,,,Evening,,,,,
256,11/9/2022,Sandwich,Fastfood,,6,,,,Morning,,,,,
257,11/9/2022,Panipuri,Fastfood,,1,,,,Morning,,,,,
258,11/9/2022,Aalopuri,Fastfood,,2,,,,Evening,,,,,
259,11/10/2022,Aalopuri,Fastfood,,15,,,,Morning,,,,,
260,11/10/2022,Cold coffee,Beverages,,2,,,,Night,,,,,
261,11/10/2022,Sugarcane juice,Beverages,,8,,,,Midnight,,,,,
262,11/10/2022,Frankie,Fastfood,,7,,,,Midnight,,,,,
263,11/10/2022,Aalopuri,Fastfood,,14,,,,Midnight,,,,,
264,11/10/2022,Sugarcane juice,Beverages,,15,,,,Evening,,,,,
265,11/10/2022,Cold coffee,Beverages,,12,,,,Night,,,,,
266,11/10/2022,Cold coffee,Beverages,,13,,,,Afternoon,,,,,
267,11/11/2022,Panipuri,Fastfood,,14,,,,Evening,,,,,
268,11/11/2022,Panipuri,Fastfood,,11,,,,Afternoon,,,,,
269,11/12/2022,Sandwich,Fastfood,,10,,,,Morning,,,,,
270,12/4/2022,Sandwich,Fastfood,,1,,,,Morning,,,,,
271,12/4/2022,Vadapav,Fastfood,,10,,,,Midnight,,,,,
272,12/5/2022,Sugarcane juice,Beverages,,8,,,,Night,,,,,
273,12/5/2022,Panipuri,Fastfood,,10,,,,Evening,,,,,
274,12/5/2022,Aalopuri,Fastfood,,13,,,,Morning,,,,,
275,12/5/2022,Aalopuri,Fastfood,,2,,,,Midnight,,,,,
276,12/6/2022,Frankie,Fastfood,,13,,,,Night,,,,,
277,12/7/2022,Vadapav,Fastfood,,8,,,,Night,,,,,
278,12/7/2022,Frankie,Fastfood,,13,,,,Evening,,,,,
279,12/8/2022,Frankie,Fastfood,,15,,,,Midnight,,,,,
280,12/8/2022,Sandwich,Fastfood,,6,,,,Evening,,,,,
281,12/8/2022,Sugarcane juice,Beverages,,15,,,,Evening,,,,,
282,12/9/2022,Sugarcane juice,Beverages,,8,,,,Midnight,,,,,
283,12/9/2022,Sugarcane juice,Beverages,,15,,,,Midnight,,,,,
284,12/10/2022,Cold coffee,Beverages,,11,,,,Afternoon,,,,,
285,12/10/2022,Vadapav,Fastfood,,10,,,,Evening,,,,,
286,12/11/2022,Panipuri,Fastfood,,5,,,,Midnight,,,,,
287,12/11/2022,Cold coffee,Beverages,,7,,,,Night,,,,,
288,12/11/2022,Sandwich,Fastfood,,3,,,,Midnight,,,,,
289,12/11/2022,Panipuri,Fastfood,,6,,,,Evening,,,,,
290,12/12/2022,Aalopuri,Fastfood,,8,,,,Afternoon,,,,,
291,12/12/2022,Aalopuri,Fastfood,,13,,,,Afternoon,,,,,
292,12/12/2022,Panipuri,Fastfood,,10,,,,Evening,,,,,
293,1/1/2023,Sandwich,Fastfood,,13,,,,Midnight,,,,,
294,1/1/2023,Aalopuri,Fastfood,,15,,,,Night,,,,,
295,1/2/2023,Frankie,Fastfood,,6,,,,Morning,,,,,
296,1/2/2023,Cold coffee,Beverages,,15,,,,Night,,,,,
297,1/2/2023,Frankie,Fastfood,,1,,,,Evening,,,,,
298,1/3/2023,Cold coffee,Beverages,,11,,,,Midnight,,,,,
299,1/3/2023,Sugarcane juice,Beverages,,7,,,,Evening,,,,,
300,1/3/2023,Sandwich,Fastfood,,4,,,,Morning,,,,,
301,1/3/2023,Vadapav,Fastfood,,12,,,,Night,,,,,
302,1/3/2023,Sandwich,Fastfood,,14,,,,Night,,,,,
303,2/1/2023,Sugarcane juice,Beverages,,15,,,,Night,,,,,
304,2/1/2023,Sugarcane juice,Beverages,,2,,,,Evening,,,,,
305,2/1/2023,Cold coffee,Beverages,,15,,,,Midnight,,,,,
306,2/1/2023,Aalopuri,Fastfood,,12,,,,Night,,,,,
307,2/2/2023,Cold coffee,Beverages,,6,,,,Afternoon,,,,,
308,2/2/2023,Aalopuri,Fastfood,,10,,,,Morning,,,,,
309,2/3/2023,Vadapav,Fastfood,,11,,,,Midnight,,,,,
310,2/3/2023,Aalopuri,Fastfood,,12,,,,Afternoon,,,,,
311,2/3/2023,Aalopuri,Fastfood,,13,,,,Afternoon,,,,,
312,2/3/2023,Frankie,Fastfood,,8,,,,Afternoon,,,,,
313,3/1/2023,Cold coffee,Beverages,,8,,,,Night,,,,,
314,3/1/2023,Sandwich,Fastfood,,10,,,,Midnight,,,,,
315,3/1/2023,Sugarcane juice,Beverages,,11,,,,Afternoon,,,,,
316,3/1/2023,Vadapav,Fastfood,,8,,,,Evening,,,,,
317,3/1/2023,Frankie,Fastfood,,13,,,,Night,,,,,
318,3/2/2023,Sugarcane juice,Beverages,,6,,,,Night,,,,,
319,3/2/2023,Aalopuri,Fastfood,,3,,,,Evening,,,,,
320,3/2/2023,Vadapav,Fastfood,,6,,,,Morning,,,,,
321,3/2/2023,Frankie,Fastfood,,13,,,,Evening,,,,,
322,3/2/2023,Panipuri,Fastfood,,5,,,,Evening,,,,,
323,3/2/2023,Frankie,Fastfood,,10,,,,Evening,,,,,
324,3/2/2023,Vadapav,Fastfood,,9,,,,Night,,,,,
325,3/3/2023,Panipuri,Fastfood,,13,,,,Midnight,,,,,
326,3/3/2023,Sugarcane juice,Beverages,,5,,,,Midnight,,,,,
327,3/3/2023,Cold coffee,Beverages,,8,,,,Morning,,,,,
328,3/3/2023,Sugarcane juice,Beverages,,5,,,,Morning,,,,,
329,4/1/2023,Sugarcane juice,Beverages,,10,,,,Night,,,,,
330,4/1/2023,Panipuri,Fastfood,,13,,,,Night,,,,,
331,4/1/2023,Sandwich,Fastfood,,15,,,,Night,,,,,
332,4/1/2023,Vadapav,Fastfood,,3,,,,Evening,,,,,
333,4/2/2023,Frankie,Fastfood,,12,,,,Evening,,,,,
334,4/2/2023,Sugarcane juice,Beverages,,12,,,,Midnight,,,,,
335,4/2/2023,Vadapav,Fastfood,,15,,,,Night,,,,,
336,4/3/2023,Cold coffee,Beverages,,15,,,,Morning,,,,,
337,4/3/2023,Vadapav,Fastfood,,9,,,,Morning,,,,,
338,5/1/2023,Frankie,Fastfood,,10,,,,Night,,,,,
339,5/1/2023,Sandwich,Fastfood,,11,,,,Midnight,,,,,
340,5/1/2023,Frankie,Fastfood,,15,,,,Morning,,,,,
341,5/1/2023,Frankie,Fastfood,,10,,,,Midnight,,,,,
342,5/1/2023,Aalopuri,Fastfood,,1,,,,Evening,,,,,
343,5/2/2023,Aalopuri,Fastfood,,13,,,,Night,,,,,
344,5/2/2023,Sandwich,Fastfood,,5,,,,Night,,,,,
345,5/2/2023,Cold coffee,Beverages,,15,,,,Midnight,,,,,
346,5/2/2023,Cold coffee,Beverages,,12,,,,Midnight,,,,,
347,5/2/2023,Frankie,Fastfood,,2,,,,Night,,,,,
348,5/2/2023,Sugarcane juice,Beverages,,1,,,,Night,,,,,
349,5/2/2023,Frankie,Fastfood,,8,,,,Night,,,,,
350,5/3/2023,Vadapav,Fastfood,,5,,,,Evening,,,,,
351,5/3/2023,Vadapav,Fastfood,,1,,,,Morning,,,,,
352,5/3/2023,Panipuri,Fastfood,,4,,,,Morning,,,,,
353,5/3/2023,Vadapav,Fastfood,,11,,,,Morning,,,,,
354,6/1/2023,Cold coffee,Beverages,,10,,,,Afternoon,,,,,
355,6/1/2023,Frankie,Fastfood,,6,,,,Midnight,,,,,
356,6/1/2023,Sugarcane juice,Beverages,,6,,,,Afternoon,,,,,
357,6/1/2023,Sandwich,Fastfood,,12,,,,Midnight,,,,,
358,6/2/2023,Panipuri,Fastfood,,7,,,,Afternoon,,,,,
359,6/2/2023,Aalopuri,Fastfood,,3,,,,Midnight,,,,,
360,6/2/2023,Vadapav,Fastfood,,15,,,,Night,,,,,
361,6/3/2023,Sandwich,Fastfood,,7,,,,Night,,,,,
362,7/1/2023,Panipuri,Fastfood,,1,,,,Evening,,,,,
363,7/1/2023,Frankie,Fastfood,,3,,,,Afternoon,,,,,
364,7/2/2023,Sandwich,Fastfood,,4,,,,Afternoon,,,,,
365,7/2/2023,Sugarcane juice,Beverages,,10,,,,Evening,,,,,
366,7/2/2023,Aalopuri,Fastfood,,14,,,,Midnight,,,,,
367,7/2/2023,Frankie,Fastfood,,10,,,,Midnight,,,,,
368,7/2/2023,Sugarcane juice,Beverages,,14,,,,Midnight,,,,,
369,7/3/2023,Panipuri,Fastfood,,9,,,,Afternoon,,,,,
370,7/3/2023,Sandwich,Fastfood,,1,,,,Evening,,,,,
371,8/2/2023,Vadapav,Fastfood,,12,,,,Afternoon,,,,,
372,8/2/2023,Frankie,Fastfood,,12,,,,Evening,,,,,
373,8/2/2023,Panipuri,Fastfood,,3,,,,Midnight,,,,,
374,8/3/2023,Panipuri,Fastfood,,12,,,,Night,,,,,
375,8/3/2023,Sandwich,Fastfood,,9,,,,Morning,,,,,
376,9/2/2023,Vadapav,Fastfood,,15,,,,Afternoon,,,,,
377,9/3/2023,Frankie,Fastfood,,13,,,,Afternoon,,,,,
378,9/3/2023,Aalopuri,Fastfood,,15,,,,Morning,,,,,
379,9/3/2023,Frankie,Fastfood,,7,,,,Evening,,,,,
380,9/3/2023,Sugarcane juice,Beverages,,14,,,,Afternoon,,,,,
381,9/3/2023,Panipuri,Fastfood,,4,,,,Afternoon,,,,,
382,9/3/2023,Frankie,Fastfood,,10,,,,Afternoon,,,,,
383,10/1/2023,Vadapav,Fastfood,,7,,,,Midnight,,,,,
384,10/1/2023,Panipuri,Fastfood,,7,,,,Afternoon,,,,,
385,10/1/2023,Cold coffee,Beverages,,7,,,,Midnight,,,,,
386,10/1/2023,Vadapav,Fastfood,,9,,,,Evening,,,,,
387,10/2/2023,Sugarcane juice,Beverages,,9,,,,Afternoon,,,,,
388,10/2/2023,Cold coffee,Beverages,,10,,,,Morning,,,,,
389,10/3/2023,Aalopuri,Fastfood,,12,,,,Afternoon,,,,,
390,10/3/2023,Frankie,Fastfood,,7,,,,Night,,,,,
391,11/1/2023,Frankie,Fastfood,,9,,,,Midnight,,,,,
392,11/1/2023,Panipuri,Fastfood,,6,,,,Evening,,,,,
393,11/1/2023,Panipuri,Fastfood,,10,,,,Midnight,,,,,
394,11/1/2023,Panipuri,Fastfood,,3,,,,Afternoon,,,,,
395,11/1/2023,Panipuri,Fastfood,,1,,,,Night,,,,,
396,11/1/2023,Sugarcane juice,Beverages,,11,,,,Morning,,,,,
397,11/2/2023,Sugarcane juice,Beverages,,10,,,,Afternoon,,,,,
398,11/3/2023,Vadapav,Fastfood,,7,,,,Afternoon,,,,,
399,11/3/2023,Aalopuri,Fastfood,,1,,,,Afternoon,,,,,
400,12/1/2023,Aalopuri,Fastfood,,13,,,,Evening,,,,,
401,12/1/2023,Sandwich,Fastfood,,14,,,,Afternoon,,,,,
402,12/2/2023,Frankie,Fastfood,,4,,,,Night,,,,,
403,12/3/2023,Aalopuri,Fastfood,,4,,,,Midnight,,,,,
404,1/13/2023,Sugarcane juice,Beverages,,15,,,,Night,,,,,
405,1/13/2023,Panipuri,Fastfood,,6,,,,Evening,,,,,
406,1/13/2023,Frankie,Fastfood,,14,,,,Afternoon,,,,,
407,1/14/2023,Aalopuri,Fastfood,,8,,,,Midnight,,,,,
408,1/14/2023,Cold coffee,Beverages,,10,,,,Night,,,,,
409,1/14/2023,Cold coffee,Beverages,,3,,,,Midnight,,,,,
410,1/15/2023,Sugarcane juice,Beverages,,12,,,,Evening,,,,,
411,1/15/2023,Aalopuri,Fastfood,,1,,,,Midnight,,,,,
412,1/16/2023,Frankie,Fastfood,,2,,,,Midnight,,,,,
413,1/16/2023,Panipuri,Fastfood,,14,,,,Midnight,,,,,
414,1/16/2023,Panipuri,Fastfood,,3,,,,Evening,,,,,
415,1/16/2023,Sandwich,Fastfood,,13,,,,Night,,,,,
416,1/16/2023,Sandwich,Fastfood,,10,,,,Evening,,,,,
417,1/17/2023,Frankie,Fastfood,,6,,,,Afternoon,,,,,
418,1/18/2023,Sugarcane juice,Beverages,,5,,,,Afternoon,,,,,
419,1/18/2023,Vadapav,Fastfood,,2,,,,Evening,,,,,
420,1/18/2023,Sandwich,Fastfood,,7,,,,Night,,,,,
421,1/19/2023,Sandwich,Fastfood,,8,,,,Night,,,,,
422,1/19/2023,Sugarcane juice,Beverages,,12,,,,Evening,,,,,
423,1/20/2023,Cold coffee,Beverages,,2,,,,Night,,,,,
424,1/20/2023,Frankie,Fastfood,,14,,,,Midnight,,,,,
425,1/20/2023,Frankie,Fastfood,,6,,,,Morning,,,,,
426,1/20/2023,Sugarcane juice,Beverages,,9,,,,Evening,,,,,
427,1/21/2023,Cold coffee,Beverages,,13,,,,Night,,,,,
428,1/21/2023,Panipuri,Fastfood,,2,,,,Afternoon,,,,,
429,1/21/2023,Sugarcane juice,Beverages,,15,,,,Afternoon,,,,,
430,1/22/2023,Panipuri,Fastfood,,15,,,,Midnight,,,,,
431,1/23/2023,Sandwich,Fastfood,,7,,,,Afternoon,,,,,
432,1/23/2023,Sugarcane juice,Beverages,,6,,,,Night,,,,,
433,1/24/2023,Sugarcane juice,Beverages,,8,,,,Night,,,,,
434,1/24/2023,Aalopuri,Fastfood,,7,,,,Midnight,,,,,
435,1/25/2023,Panipuri,Fastfood,,8,,,,Evening,,,,,
436,1/25/2023,Sandwich,Fastfood,,7,,,,Midnight,,,,,
437,1/25/2023,Panipuri,Fastfood,,3,,,,Evening,,,,,
438,1/25/2023,Panipuri,Fastfood,,9,,,,Evening,,,,,
439,1/26/2023,Vadapav,Fastfood,,14,,,,Morning,,,,,
440,1/26/2023,Frankie,Fastfood,,15,,,,Midnight,,,,,
441,1/26/2023,Sandwich,Fastfood,,13,,,,Evening,,,,,
442,1/27/2023,Frankie,Fastfood,,8,,,,Night,,,,,
443,1/27/2023,Panipuri,Fastfood,,14,,,,Morning,,,,,
444,1/27/2023,Sugarcane juice,Beverages,,7,,,,Afternoon,,,,,
445,1/28/2023,Frankie,Fastfood,,2,,,,Night,,,,,
446,1/28/2023,Panipuri,Fastfood,,7,,,,Night,,,,,
447,1/28/2023,Aalopuri,Fastfood,,15,,,,Night,,,,,
448,1/28/2023,Vadapav,Fastfood,,13,,,,Afternoon,,,,,
449,1/29/2023,Frankie,Fastfood,,7,,,,Afternoon,,,,,
450,1/30/2023,Cold coffee,Beverages,,14,,,,Afternoon,,,,,
451,1/30/2023,Frankie,Fastfood,,13,,,,Evening,,,,,
452,1/31/2023,Cold coffee,Beverages,,12,,,,Morning,,,,,
453,1/31/2023,Sandwich,Fastfood,,3,,,,Evening,,,,,
454,1/31/2023,Aalopuri,Fastfood,,1,,,,Afternoon,,,,,
455,1/31/2023,Aalopuri,Fastfood,,3,,,,Midnight,,,,,
456,10/13/2022,Cold coffee,Beverages,,4,,,,Afternoon,,,,,
457,10/13/2022,Frankie,Fastfood,,7,,,,Evening,,,,,
458,10/13/2022,Panipuri,Fastfood,,10,,,,Afternoon,,,,,
459,10/14/2022,Sugarcane juice,Beverages,,13,,,,Evening,,,,,
460,10/14/2022,Sandwich,Fastfood,,8,,,,Evening,,,,,
461,10/14/2022,Cold coffee,Beverages,,14,,,,Night,,,,,
462,10/15/2022,Aalopuri,Fastfood,,14,,,,Midnight,,,,,
463,10/16/2022,Panipuri,Fastfood,,11,,,,Morning,,,,,
464,10/16/2022,Cold coffee,Beverages,,11,,,,Evening,,,,,
465,10/16/2022,Cold coffee,Beverages,,7,,,,Afternoon,,,,,
466,10/16/2022,Sugarcane juice,Beverages,,4,,,,Evening,,,,,
467,10/17/2022,Sugarcane juice,Beverages,,3,,,,Afternoon,,,,,
468,10/17/2022,Frankie,Fastfood,,12,,,,Afternoon,,,,,
469,10/17/2022,Vadapav,Fastfood,,4,,,,Afternoon,,,,,
470,10/17/2022,Aalopuri,Fastfood,,11,,,,Morning,,,,,
471,10/18/2022,Vadapav,Fastfood,,5,,,,Night,,,,,
472,10/18/2022,Sugarcane juice,Beverages,,13,,,,Morning,,,,,
473,10/18/2022,Sandwich,Fastfood,,9,,,,Afternoon,,,,,
474,10/19/2022,Panipuri,Fastfood,,13,,,,Morning,,,,,
475,10/19/2022,Cold coffee,Beverages,,4,,,,Midnight,,,,,
476,10/20/2022,Sandwich,Fastfood,,5,,,,Afternoon,,,,,
477,10/20/2022,Sandwich,Fastfood,,1,,,,Midnight,,,,,
478,10/20/2022,Aalopuri,Fastfood,,13,,,,Midnight,,,,,
479,10/20/2022,Sugarcane juice,Beverages,,2,,,,Afternoon,,,,,
480,10/21/2022,Frankie,Fastfood,,7,,,,Night,,,,,
481,10/21/2022,Sugarcane juice,Beverages,,10,,,,Morning,,,,,
482,10/21/2022,Sandwich,Fastfood,,5,,,,Morning,,,,,
483,10/22/2022,Sugarcane juice,Beverages,,1,,,,Afternoon,,,,,
484,10/22/2022,Sandwich,Fastfood,,14,,,,Morning,,,,,
485,10/22/2022,Aalopuri,Fastfood,,1,,,,Night,,,,,
486,10/23/2022,Panipuri,Fastfood,,13,,,,Morning,,,,,
487,10/23/2022,Vadapav,Fastfood,,5,,,,Evening,,,,,
488,10/24/2022,Cold coffee,Beverages,,9,,,,Afternoon,,,,,
489,10/24/2022,Cold coffee,Beverages,,7,,,,Evening,,,,,
490,10/24/2022,Cold coffee,Beverages,,11,,,,Night,,,,,
491,10/24/2022,Aalopuri,Fastfood,,3,,,,Morning,,,,,
492,10/26/2022,Vadapav,Fastfood,,2,,,,Night,,,,,
493,10/26/2022,Sugarcane juice,Beverages,,3,,,,Afternoon,,,,,
494,10/26/2022,Vadapav,Fastfood,,11,,,,Evening,,,,,
495,10/27/2022,Cold coffee,Beverages,,13,,,,Morning,,,,,
496,10/27/2022,Aalopuri,Fastfood,,6,,,,Night,,,,,
497,10/27/2022,Sugarcane juice,Beverages,,14,,,,Afternoon,,,,,
498,10/28/2022,Frankie,Fastfood,,4,,,,Afternoon,,,,,
499,10/28/2022,Panipuri,Fastfood,,9,,,,Night,,,,,
500,10/29/2022,Vadapav,Fastfood,,15,,,,Night,,,,,
501,10/29/2022,Sugarcane juice,Beverages,,4,,,,Evening,,,,,
502,10/30/2022,Sugarcane juice,Beverages,,11,,,,Afternoon,,,,,
503,10/30/2022,Aalopuri,Fastfood,,3,,,,Afternoon,,,,,
504,10/30/2022,Panipuri,Fastfood,,14,,,,Morning,,,,,
505,10/30/2022,Aalopuri,Fastfood,,13,,,,Night,,,,,
506,10/31/2022,Frankie,Fastfood,,15,,,,Morning,,,,,
507,10/31/2022,Frankie,Fastfood,,10,,,,Morning,,,,,
508,10/31/2022,Cold coffee,Beverages,,5,,,,Afternoon,,,,,
509,11/13/2022,Cold coffee,Beverages,,11,,,,Afternoon,,,,,
510,11/13/2022,Frankie,Fastfood,,11,,,,Evening,,,,,
511,11/14/2022,Vadapav,Fastfood,,10,,,,Evening,,,,,
512,11/14/2022,Sugarcane juice,Beverages,,1,,,,Evening,,,,,
513,11/15/2022,Sugarcane juice,Beverages,,6,,,,Midnight,,,,,
514,11/15/2022,Cold coffee,Beverages,,15,,,,Afternoon,,,,,
515,11/15/2022,Frankie,Fastfood,,6,,,,Evening,,,,,
516,11/16/2022,Panipuri,Fastfood,,2,,,,Morning,,,,,
517,11/16/2022,Vadapav,Fastfood,,10,,,,Afternoon,,,,,
518,11/17/2022,Panipuri,Fastfood,,10,,,,Evening,,,,,
519,11/17/2022,Cold coffee,Beverages,,5,,,,Afternoon,,,,,
520,11/17/2022,Panipuri,Fastfood,,13,,,,Evening,,,,,
521,11/17/2022,Cold coffee,Beverages,,15,,,,Afternoon,,,,,
522,11/18/2022,Sandwich,Fastfood,,4,,,,Morning,,,,,
523,11/18/2022,Panipuri,Fastfood,,14,,,,Night,,,,,
524,11/19/2022,Frankie,Fastfood,,12,,,,Night,,,,,
525,11/19/2022,Frankie,Fastfood,,12,,,,Morning,,,,,
526,11/20/2022,Vadapav,Fastfood,,1,,,,Afternoon,,,,,
527,11/20/2022,Panipuri,Fastfood,,12,,,,Afternoon,,,,,
528,11/20/2022,Aalopuri,Fastfood,,2,,,,Morning,,,,,
529,11/21/2022,Aalopuri,Fastfood,,5,,,,Afternoon,,,,,
530,11/22/2022,Sandwich,Fastfood,,10,,,,Midnight,,,,,
531,11/22/2022,Cold coffee,Beverages,,9,,,,Evening,,,,,
532,11/23/2022,Panipuri,Fastfood,,11,,,,Midnight,,,,,
533,11/23/2022,Frankie,Fastfood,,5,,,,Midnight,,,,,
534,11/23/2022,Aalopuri,Fastfood,,15,,,,Afternoon,,,,,
535,11/23/2022,Frankie,Fastfood,,4,,,,Afternoon,,,,,
536,11/24/2022,Cold coffee,Beverages,,3,,,,Evening,,,,,
537,11/24/2022,Sandwich,Fastfood,,7,,,,Night,,,,,
538,11/24/2022,Vadapav,Fastfood,,10,,,,Morning,,,,,
539,11/25/2022,Frankie,Fastfood,,4,,,,Morning,,,,,
540,11/25/2022,Cold coffee,Beverages,,10,,,,Morning,,,,,
541,11/25/2022,Cold coffee,Beverages,,5,,,,Afternoon,,,,,
542,11/26/2022,Frankie,Fastfood,,7,,,,Midnight,,,,,
543,11/26/2022,Panipuri,Fastfood,,10,,,,Night,,,,,
544,11/26/2022,Cold coffee,Beverages,,11,,,,Night,,,,,
545,11/27/2022,Sugarcane juice,Beverages,,13,,,,Afternoon,,,,,
546,11/27/2022,Sugarcane juice,Beverages,,10,,,,Night,,,,,
547,11/28/2022,Aalopuri,Fastfood,,7,,,,Midnight,,,,,
548,11/28/2022,Aalopuri,Fastfood,,7,,,,Afternoon,,,,,
549,11/28/2022,Sugarcane juice,Beverages,,1,,,,Evening,,,,,
550,11/28/2022,Sandwich,Fastfood,,6,,,,Midnight,,,,,
551,11/28/2022,Cold coffee,Beverages,,9,,,,Night,,,,,
552,11/28/2022,Vadapav,Fastfood,,8,,,,Midnight,,,,,
553,11/29/2022,Sandwich,Fastfood,,10,,,,Afternoon,,,,,
554,11/29/2022,Frankie,Fastfood,,15,,,,Midnight,,,,,
555,11/29/2022,Sugarcane juice,Beverages,,13,,,,Midnight,,,,,
556,11/30/2022,Sugarcane juice,Beverages,,10,,,,Afternoon,,,,,
557,11/30/2022,Panipuri,Fastfood,,10,,,,Midnight,,,,,
558,12/13/2022,Vadapav,Fastfood,,3,,,,Night,,,,,
559,12/13/2022,Sugarcane juice,Beverages,,10,,,,Night,,,,,
560,12/13/2022,Frankie,Fastfood,,15,,,,Midnight,,,,,
561,12/14/2022,Vadapav,Fastfood,,6,,,,Night,,,,,
562,12/14/2022,Aalopuri,Fastfood,,14,,,,Morning,,,,,
563,12/14/2022,Sandwich,Fastfood,,15,,,,Morning,,,,,
564,12/14/2022,Panipuri,Fastfood,,13,,,,Afternoon,,,,,
565,12/14/2022,Sugarcane juice,Beverages,,14,,,,Afternoon,,,,,
566,12/15/2022,Vadapav,Fastfood,,4,,,,Morning,,,,,
567,12/15/2022,Panipuri,Fastfood,,7,,,,Evening,,,,,
568,12/15/2022,Vadapav,Fastfood,,9,,,,Afternoon,,,,,
569,12/16/2022,Panipuri,Fastfood,,2,,,,Night,,,,,
570,12/16/2022,Aalopuri,Fastfood,,5,,,,Night,,,,,
571,12/17/2022,Cold coffee,Beverages,,2,,,,Night,,,,,
572,12/17/2022,Sandwich,Fastfood,,13,,,,Evening,,,,,
573,12/17/2022,Vadapav,Fastfood,,3,,,,Midnight,,,,,
574,12/17/2022,Panipuri,Fastfood,,14,,,,Afternoon,,,,,
575,12/18/2022,Vadapav,Fastfood,,10,,,,Midnight,,,,,
576,12/19/2022,Vadapav,Fastfood,,2,,,,Morning,,,,,
577,12/20/2022,Aalopuri,Fastfood,,5,,,,Midnight,,,,,
578,12/21/2022,Cold coffee,Beverages,,15,,,,Evening,,,,,
579,12/21/2022,Cold coffee,Beverages,,13,,,,Afternoon,,,,,
580,12/21/2022,Aalopuri,Fastfood,,10,,,,Midnight,,,,,
581,12/22/2022,Panipuri,Fastfood,,14,,,,Night,,,,,
582,12/22/2022,Panipuri,Fastfood,,9,,,,Afternoon,,,,,
583,12/22/2022,Panipuri,Fastfood,,2,,,,Midnight,,,,,
584,12/22/2022,Sandwich,Fastfood,,12,,,,Evening,,,,,
585,12/23/2022,Aalopuri,Fastfood,,14,,,,Evening,,,,,
586,12/23/2022,Cold coffee,Beverages,,13,,,,Midnight,,,,,
587,12/23/2022,Cold coffee,Beverages,,4,,,,Midnight,,,,,
588,12/24/2022,Vadapav,Fastfood,,1,,,,Morning,,,,,
589,12/24/2022,Sugarcane juice,Beverages,,8,,,,Afternoon,,,,,
590,12/24/2022,Vadapav,Fastfood,,1,,,,Midnight,,,,,
591,12/24/2022,Panipuri,Fastfood,,6,,,,Morning,,,,,
592,12/24/2022,Vadapav,Fastfood,,7,,,,Morning,,,,,
593,12/25/2022,Vadapav,Fastfood,,14,,,,Afternoon,,,,,
594,12/25/2022,Cold coffee,Beverages,,10,,,,Morning,,,,,
595,12/25/2022,Frankie,Fastfood,,5,,,,Afternoon,,,,,
596,12/25/2022,Sugarcane juice,Beverages,,11,,,,Morning,,,,,
597,12/25/2022,Sugarcane juice,Beverages,,13,,,,Midnight,,,,,
598,12/26/2022,Cold coffee,Beverages,,8,,,,Morning,,,,,
599,12/26/2022,Cold coffee,Beverages,,12,,,,Midnight,,,,,
600,12/27/2022,Sugarcane juice,Beverages,,9,,,,Afternoon,,,,,
601,12/27/2022,Vadapav,Fastfood,,3,,,,Morning,,,,,
602,12/27/2022,Cold coffee,Beverages,,11,,,,Midnight,,,,,
603,12/28/2022,Panipuri,Fastfood,,14,,,,Morning,,,,,
604,12/28/2022,Sugarcane juice,Beverages,,7,,,,Night,,,,,
605,12/28/2022,Panipuri,Fastfood,,14,,,,Night,,,,,
606,12/28/2022,Cold coffee,Beverages,,1,,,,Night,,,,,
607,12/28/2022,Aalopuri,Fastfood,,2,,,,Afternoon,,,,,
608,12/29/2022,Aalopuri,Fastfood,,4,,,,Morning,,,,,
609,12/29/2022,Panipuri,Fastfood,,13,,,,Midnight,,,,,
610,12/29/2022,Panipuri,Fastfood,,12,,,,Afternoon,,,,,
611,12/29/2022,Sugarcane juice,Beverages,,14,,,,Evening,,,,,
612,12/30/2022,Sugarcane juice,Beverages,,12,,,,Morning,,,,,
613,12/30/2022,Sugarcane juice,Beverages,,2,,,,Morning,,,,,
614,12/31/2022,Cold coffee,Beverages,,13,,,,Night,,,,,
615,2/13/2023,Aalopuri,Fastfood,,6,,,,Afternoon,,,,,
616,2/13/2023,Vadapav,Fastfood,,8,,,,Evening,,,,,
617,2/13/2023,Panipuri,Fastfood,,7,,,,Afternoon,,,,,
618,2/13/2023,Sandwich,Fastfood,,15,,,,Midnight,,,,,
619,2/13/2023,Sandwich,Fastfood,,11,,,,Afternoon,,,,,
620,2/13/2023,Aalopuri,Fastfood,,2,,,,Evening,,,,,
621,2/13/2023,Panipuri,Fastfood,,11,,,,Midnight,,,,,
622,2/14/2023,Vadapav,Fastfood,,6,,,,Midnight,,,,,
623,2/14/2023,Sandwich,Fastfood,,7,,,,Night,,,,,
624,2/15/2023,Cold coffee,Beverages,,14,,,,Afternoon,,,,,
625,2/15/2023,Panipuri,Fastfood,,3,,,,Afternoon,,,,,
626,2/15/2023,Frankie,Fastfood,,15,,,,Evening,,,,,
627,2/16/2023,Sugarcane juice,Beverages,,1,,,,Midnight,,,,,
628,2/16/2023,Sugarcane juice,Beverages,,9,,,,Evening,,,,,
629,2/16/2023,Cold coffee,Beverages,,10,,,,Evening,,,,,
630,2/17/2023,Aalopuri,Fastfood,,2,,,,Afternoon,,,,,
631,2/17/2023,Cold coffee,Beverages,,3,,,,Midnight,,,,,
632,2/17/2023,Sandwich,Fastfood,,12,,,,Midnight,,,,,
633,2/18/2023,Cold coffee,Beverages,,15,,,,Midnight,,,,,
634,2/19/2023,Vadapav,Fastfood,,15,,,,Midnight,,,,,
635,2/20/2023,Cold coffee,Beverages,,8,,,,Evening,,,,,
636,2/20/2023,Cold coffee,Beverages,,13,,,,Afternoon,,,,,
637,2/21/2023,Cold coffee,Beverages,,12,,,,Morning,,,,,
638,2/21/2023,Sandwich,Fastfood,,8,,,,Midnight,,,,,
639,2/22/2023,Frankie,Fastfood,,9,,,,Afternoon,,,,,
640,2/22/2023,Cold coffee,Beverages,,6,,,,Morning,,,,,
641,2/22/2023,Aalopuri,Fastfood,,8,,,,Morning,,,,,
642,2/23/2023,Sandwich,Fastfood,,14,,,,Afternoon,,,,,
643,2/23/2023,Cold coffee,Beverages,,6,,,,Morning,,,,,
644,2/23/2023,Sugarcane juice,Beverages,,3,,,,Evening,,,,,
645,2/24/2023,Sandwich,Fastfood,,7,,,,Morning,,,,,
646,2/24/2023,Frankie,Fastfood,,7,,,,Midnight,,,,,
647,2/24/2023,Cold coffee,Beverages,,6,,,,Night,,,,,
648,2/24/2023,Aalopuri,Fastfood,,3,,,,Midnight,,,,,
649,2/25/2023,Frankie,Fastfood,,9,,,,Evening,,,,,
650,2/25/2023,Vadapav,Fastfood,,2,,,,Morning,,,,,
651,2/26/2023,Frankie,Fastfood,,11,,,,Night,,,,,
652,2/26/2023,Vadapav,Fastfood,,1,,,,Morning,,,,,
653,2/26/2023,Aalopuri,Fastfood,,6,,,,Midnight,,,,,
654,2/26/2023,Frankie,Fastfood,,8,,,,Afternoon,,,,,
655,2/27/2023,Frankie,Fastfood,,8,,,,Morning,,,,,
656,2/27/2023,Vadapav,Fastfood,,9,,,,Night,,,,,
657,2/27/2023,Frankie,Fastfood,,15,,,,Afternoon,,,,,
658,2/28/2023,Aalopuri,Fastfood,,1,,,,Midnight,,,,,
659,2/28/2023,Frankie,Fastfood,,6,,,,Night,,,,,
660,3/13/2023,Cold coffee,Beverages,,14,,,,Morning,,,,,
661,3/13/2023,Sandwich,Fastfood,,14,,,,Night,,,,,
662,3/14/2023,Cold coffee,Beverages,,8,,,,Midnight,,,,,
663,3/14/2023,Frankie,Fastfood,,13,,,,Night,,,,,
664,3/15/2023,Frankie,Fastfood,,2,,,,Afternoon,,,,,
665,3/15/2023,Cold coffee,Beverages,,4,,,,Midnight,,,,,
666,3/15/2023,Sugarcane juice,Beverages,,10,,,,Midnight,,,,,
667,3/15/2023,Sandwich,Fastfood,,5,,,,Midnight,,,,,
668,3/15/2023,Sandwich,Fastfood,,15,,,,Night,,,,,
669,3/15/2023,Vadapav,Fastfood,,1,,,,Night,,,,,
670,3/16/2023,Sugarcane juice,Beverages,,12,,,,Midnight,,,,,
671,3/16/2023,Frankie,Fastfood,,11,,,,Evening,,,,,
672,3/16/2023,Aalopuri,Fastfood,,3,,,,Midnight,,,,,
673,3/16/2023,Panipuri,Fastfood,,6,,,,Evening,,,,,
674,3/17/2023,Sugarcane juice,Beverages,,14,,,,Midnight,,,,,
675,3/17/2023,Cold coffee,Beverages,,10,,,,Night,,,,,
676,3/18/2023,Sugarcane juice,Beverages,,7,,,,Afternoon,,,,,
677,3/18/2023,Sandwich,Fastfood,,11,,,,Evening,,,,,
678,3/19/2023,Sugarcane juice,Beverages,,6,,,,Afternoon,,,,,
679,3/19/2023,Sandwich,Fastfood,,13,,,,Evening,,,,,
680,3/19/2023,Frankie,Fastfood,,9,,,,Evening,,,,,
681,3/19/2023,Frankie,Fastfood,,7,,,,Night,,,,,
682,3/19/2023,Sandwich,Fastfood,,15,,,,Morning,,,,,
683,3/19/2023,Panipuri,Fastfood,,11,,,,Morning,,,,,
684,3/19/2023,Frankie,Fastfood,,10,,,,Evening,,,,,
685,3/20/2023,Cold coffee,Beverages,,9,,,,Evening,,,,,
686,3/21/2023,Aalopuri,Fastfood,,14,,,,Night,,,,,
687,3/21/2023,Cold coffee,Beverages,,5,,,,Afternoon,,,,,
688,3/22/2023,Cold coffee,Beverages,,6,,,,Evening,,,,,
689,3/23/2023,Cold coffee,Beverages,,10,,,,Morning,,,,,
690,3/23/2023,Sugarcane juice,Beverages,,14,,,,Afternoon,,,,,
691,3/23/2023,Panipuri,Fastfood,,12,,,,Afternoon,,,,,
692,3/24/2023,Cold coffee,Beverages,,2,,,,Midnight,,,,,
693,3/25/2023,Panipuri,Fastfood,,14,,,,Midnight,,,,,
694,3/25/2023,Cold coffee,Beverages,,13,,,,Afternoon,,,,,
695,3/25/2023,Aalopuri,Fastfood,,2,,,,Afternoon,,,,,
696,3/26/2023,Vadapav,Fastfood,,3,,,,Morning,,,,,
697,3/26/2023,Sandwich,Fastfood,,1,,,,Evening,,,,,
698,3/26/2023,Vadapav,Fastfood,,8,,,,Midnight,,,,,
699,3/27/2023,Panipuri,Fastfood,,6,,,,Afternoon,,,,,
700,3/27/2023,Panipuri,Fastfood,,13,,,,Midnight,,,,,
701,3/27/2023,Panipuri,Fastfood,,15,,,,Midnight,,,,,
702,3/27/2023,Sandwich,Fastfood,,6,,,,Night,,,,,
703,3/29/2023,Cold coffee,Beverages,,13,,,,Evening,,,,,
704,3/29/2023,Cold coffee,Beverages,,14,,,,Afternoon,,,,,
705,3/30/2023,Sugarcane juice,Beverages,,14,,,,Night,,,,,
706,4/14/2022,Sandwich,Fastfood,,11,,,,Midnight,,,,,
707,4/15/2022,Sugarcane juice,Beverages,,3,,,,Afternoon,,,,,
708,4/16/2022,Frankie,Fastfood,,6,,,,Afternoon,,,,,
709,4/16/2022,Sugarcane juice,Beverages,,3,,,,Night,,,,,
710,4/16/2022,Sandwich,Fastfood,,6,,,,Evening,,,,,
711,4/17/2022,Frankie,Fastfood,,5,,,,Midnight,,,,,
712,4/17/2022,Sandwich,Fastfood,,12,,,,Night,,,,,
713,4/17/2022,Sugarcane juice,Beverages,,11,,,,Morning,,,,,
714,4/18/2022,Aalopuri,Fastfood,,12,,,,Morning,,,,,
715,4/19/2022,Sandwich,Fastfood,,4,,,,Midnight,,,,,
716,4/19/2022,Cold coffee,Beverages,,1,,,,Midnight,,,,,
717,4/20/2022,Cold coffee,Beverages,,4,,,,Night,,,,,
718,4/20/2022,Cold coffee,Beverages,,12,,,,Afternoon,,,,,
719,4/20/2022,Aalopuri,Fastfood,,5,,,,Afternoon,,,,,
720,4/21/2022,Panipuri,Fastfood,,8,,,,Morning,,,,,
721,4/21/2022,Aalopuri,Fastfood,,1,,,,Night,,,,,
722,4/21/2022,Sugarcane juice,Beverages,,9,,,,Midnight,,,,,
723,4/22/2022,Panipuri,Fastfood,,14,,,,Midnight,,,,,
724,4/23/2022,Sandwich,Fastfood,,4,,,,Night,,,,,
725,4/23/2022,Vadapav,Fastfood,,13,,,,Night,,,,,
726,4/23/2022,Sugarcane juice,Beverages,,13,,,,Afternoon,,,,,
727,4/23/2022,Panipuri,Fastfood,,9,,,,Morning,,,,,
728,4/24/2022,Panipuri,Fastfood,,3,,,,Night,,,,,
729,4/24/2022,Vadapav,Fastfood,,2,,,,Midnight,,,,,
730,4/24/2022,Vadapav,Fastfood,,3,,,,Morning,,,,,
731,4/25/2022,Vadapav,Fastfood,,4,,,,Afternoon,,,,,
732,4/25/2022,Vadapav,Fastfood,,5,,,,Morning,,,,,
733,4/26/2022,Cold coffee,Beverages,,1,,,,Evening,,,,,
734,4/26/2022,Vadapav,Fastfood,,13,,,,Morning,,,,,
735,4/26/2022,Cold coffee,Beverages,,1,,,,Night,,,,,
736,4/26/2022,Cold coffee,Beverages,,12,,,,Morning,,,,,
737,4/27/2022,Panipuri,Fastfood,,9,,,,Morning,,,,,
738,4/27/2022,Panipuri,Fastfood,,2,,,,Evening,,,,,
739,4/28/2022,Aalopuri,Fastfood,,7,,,,Evening,,,,,
740,4/29/2022,Aalopuri,Fastfood,,8,,,,Morning,,,,,
741,4/30/2022,Vadapav,Fastfood,,7,,,,Afternoon,,,,,
742,4/30/2022,Sandwich,Fastfood,,10,,,,Evening,,,,,
743,4/30/2022,Frankie,Fastfood,,13,,,,Morning,,,,,
744,4/30/2022,Sugarcane juice,Beverages,,13,,,,Night,,,,,
745,5/13/2022,Aalopuri,Fastfood,,15,,,,Afternoon,,,,,
746,5/13/2022,Sugarcane juice,Beverages,,1,,,,Afternoon,,,,,
747,5/13/2022,Cold coffee,Beverages,,14,,,,Night,,,,,
748,5/14/2022,Vadapav,Fastfood,,2,,,,Evening,,,,,
749,5/14/2022,Cold coffee,Beverages,,10,,,,Morning,,,,,
750,5/14/2022,Aalopuri,Fastfood,,7,,,,Midnight,,,,,
751,5/14/2022,Frankie,Fastfood,,5,,,,Afternoon,,,,,
752,5/15/2022,Aalopuri,Fastfood,,9,,,,Midnight,,,,,
753,5/15/2022,Sandwich,Fastfood,,7,,,,Morning,,,,,
754,5/15/2022,Aalopuri,Fastfood,,12,,,,Afternoon,,,,,
755,5/15/2022,Vadapav,Fastfood,,15,,,,Evening,,,,,
756,5/15/2022,Cold coffee,Beverages,,2,,,,Afternoon,,,,,
757,5/16/2022,Frankie,Fastfood,,15,,,,Morning,,,,,
758,5/16/2022,Aalopuri,Fastfood,,2,,,,Midnight,,,,,
759,5/16/2022,Vadapav,Fastfood,,13,,,,Morning,,,,,
760,5/16/2022,Vadapav,Fastfood,,2,,,,Night,,,,,
761,5/17/2022,Panipuri,Fastfood,,7,,,,Evening,,,,,
762,5/18/2022,Vadapav,Fastfood,,4,,,,Midnight,,,,,
763,5/18/2022,Frankie,Fastfood,,13,,,,Afternoon,,,,,
764,5/19/2022,Cold coffee,Beverages,,3,,,,Morning,,,,,
765,5/19/2022,Aalopuri,Fastfood,,7,,,,Midnight,,,,,
766,5/20/2022,Sugarcane juice,Beverages,,14,,,,Morning,,,,,
767,5/20/2022,Sugarcane juice,Beverages,,3,,,,Evening,,,,,
768,5/20/2022,Sugarcane juice,Beverages,,1,,,,Morning,,,,,
769,5/20/2022,Aalopuri,Fastfood,,3,,,,Afternoon,,,,,
770,5/21/2022,Sandwich,Fastfood,,2,,,,Afternoon,,,,,
771,5/21/2022,Cold coffee,Beverages,,13,,,,Afternoon,,,,,
772,5/21/2022,Aalopuri,Fastfood,,12,,,,Evening,,,,,
773,5/21/2022,Aalopuri,Fastfood,,13,,,,Midnight,,,,,
774,5/22/2022,Vadapav,Fastfood,,8,,,,Morning,,,,,
775,5/22/2022,Sandwich,Fastfood,,15,,,,Night,,,,,
776,5/22/2022,Frankie,Fastfood,,12,,,,Night,,,,,
777,5/22/2022,Sandwich,Fastfood,,11,,,,Night,,,,,
778,5/23/2022,Aalopuri,Fastfood,,3,,,,Evening,,,,,
779,5/23/2022,Vadapav,Fastfood,,3,,,,Evening,,,,,
780,5/24/2022,Frankie,Fastfood,,13,,,,Evening,,,,,
781,5/24/2022,Cold coffee,Beverages,,3,,,,Evening,,,,,
782,5/25/2022,Frankie,Fastfood,,11,,,,Night,,,,,
783,5/25/2022,Sugarcane juice,Beverages,,14,,,,Evening,,,,,
784,5/25/2022,Panipuri,Fastfood,,2,,,,Evening,,,,,
785,5/25/2022,Sandwich,Fastfood,,2,,,,Midnight,,,,,
786,5/26/2022,Sandwich,Fastfood,,3,,,,Midnight,,,,,
787,5/26/2022,Vadapav,Fastfood,,1,,,,Night,,,,,
788,5/26/2022,Sugarcane juice,Beverages,,14,,,,Night,,,,,
789,5/27/2022,Panipuri,Fastfood,,14,,,,Evening,,,,,
790,5/27/2022,Sandwich,Fastfood,,9,,,,Midnight,,,,,
791,5/27/2022,Vadapav,Fastfood,,13,,,,Afternoon,,,,,
792,5/27/2022,Frankie,Fastfood,,7,,,,Morning,,,,,
793,5/27/2022,Sandwich,Fastfood,,7,,,,Night,,,,,
794,5/27/2022,Aalopuri,Fastfood,,10,,,,Midnight,,,,,
795,5/28/2022,Vadapav,Fastfood,,15,,,,Morning,,,,,
796,5/28/2022,Panipuri,Fastfood,,5,,,,Midnight,,,,,
797,5/29/2022,Aalopuri,Fastfood,,8,,,,Night,,,,,
798,5/29/2022,Aalopuri,Fastfood,,3,,,,Midnight,,,,,
799,5/30/2022,Frankie,Fastfood,,10,,,,Midnight,,,,,
800,5/30/2022,Cold coffee,Beverages,,3,,,,Morning,,,,,
801,5/31/2022,Vadapav,Fastfood,,2,,,,Midnight,,,,,
802,5/31/2022,Frankie,Fastfood,,8,,,,Night,,,,,
803,6/13/2022,Panipuri,Fastfood,,1,,,,Midnight,,,,,
804,6/13/2022,Panipuri,Fastfood,,7,,,,Midnight,,,,,
805,6/13/2022,Frankie,Fastfood,,1,,,,Midnight,,,,,
806,6/13/2022,Frankie,Fastfood,,5,,,,Evening,,,,,
807,6/14/2022,Frankie,Fastfood,,1,,,,Afternoon,,,,,
808,6/15/2022,Aalopuri,Fastfood,,4,,,,Evening,,,,,
809,6/15/2022,Sandwich,Fastfood,,13,,,,Night,,,,,
810,6/16/2022,Vadapav,Fastfood,,3,,,,Evening,,,,,
811,6/16/2022,Frankie,Fastfood,,1,,,,Midnight,,,,,
812,6/16/2022,Frankie,Fastfood,,11,,,,Morning,,,,,
813,6/17/2022,Sandwich,Fastfood,,15,,,,Morning,,,,,
814,6/17/2022,Panipuri,Fastfood,,12,,,,Morning,,,,,
815,6/18/2022,Sugarcane juice,Beverages,,13,,,,Afternoon,,,,,
816,6/18/2022,Sugarcane juice,Beverages,,5,,,,Midnight,,,,,
817,6/18/2022,Sugarcane juice,Beverages,,1,,,,Night,,,,,
818,6/19/2022,Panipuri,Fastfood,,2,,,,Evening,,,,,
819,6/19/2022,Frankie,Fastfood,,6,,,,Night,,,,,
820,6/19/2022,Sandwich,Fastfood,,10,,,,Morning,,,,,
821,6/20/2022,Vadapav,Fastfood,,6,,,,Morning,,,,,
822,6/20/2022,Cold coffee,Beverages,,5,,,,Morning,,,,,
823,6/20/2022,Vadapav,Fastfood,,9,,,,Morning,,,,,
824,6/22/2022,Sugarcane juice,Beverages,,15,,,,Afternoon,,,,,
825,6/22/2022,Panipuri,Fastfood,,4,,,,Night,,,,,
826,6/24/2022,Frankie,Fastfood,,7,,,,Afternoon,,,,,
827,6/24/2022,Panipuri,Fastfood,,9,,,,Evening,,,,,
828,6/25/2022,Sandwich,Fastfood,,3,,,,Evening,,,,,
829,6/25/2022,Aalopuri,Fastfood,,2,,,,Morning,,,,,
830,6/25/2022,Frankie,Fastfood,,10,,,,Morning,,,,,
831,6/25/2022,Sugarcane juice,Beverages,,14,,,,Night,,,,,
832,6/25/2022,Sugarcane juice,Beverages,,5,,,,Morning,,,,,
833,6/26/2022,Vadapav,Fastfood,,12,,,,Evening,,,,,
834,6/26/2022,Sugarcane juice,Beverages,,1,,,,Midnight,,,,,
835,6/26/2022,Panipuri,Fastfood,,9,,,,Midnight,,,,,
836,6/26/2022,Aalopuri,Fastfood,,15,,,,Afternoon,,,,,
837,6/27/2022,Aalopuri,Fastfood,,8,,,,Afternoon,,,,,
838,6/27/2022,Frankie,Fastfood,,10,,,,Night,,,,,
839,6/28/2022,Aalopuri,Fastfood,,3,,,,Night,,,,,
840,6/28/2022,Sugarcane juice,Beverages,,2,,,,Night,,,,,
841,6/28/2022,Frankie,Fastfood,,13,,,,Afternoon,,,,,
842,6/29/2022,Cold coffee,Beverages,,14,,,,Afternoon,,,,,
843,6/30/2022,Panipuri,Fastfood,,8,,,,Morning,,,,,
844,6/30/2022,Frankie,Fastfood,,15,,,,Afternoon,,,,,
845,6/30/2022,Sandwich,Fastfood,,15,,,,Night,,,,,
846,6/30/2022,Sandwich,Fastfood,,2,,,,Evening,,,,,
847,6/30/2022,Frankie,Fastfood,,5,,,,Night,,,,,
848,6/30/2022,Sugarcane juice,Beverages,,12,,,,Morning,,,,,
849,6/30/2022,Vadapav,Fastfood,,6,,,,Night,,,,,
850,7/13/2022,Sugarcane juice,Beverages,,12,,,,Afternoon,,,,,
851,7/14/2022,Sandwich,Fastfood,,12,,,,Afternoon,,,,,
852,7/14/2022,Sugarcane juice,Beverages,,7,,,,Evening,,,,,
853,7/15/2022,Vadapav,Fastfood,,6,,,,Midnight,,,,,
854,7/16/2022,Cold coffee,Beverages,,5,,,,Night,,,,,
855,7/16/2022,Aalopuri,Fastfood,,5,,,,Afternoon,,,,,
856,7/16/2022,Cold coffee,Beverages,,5,,,,Night,,,,,
857,7/17/2022,Frankie,Fastfood,,3,,,,Evening,,,,,
858,7/17/2022,Aalopuri,Fastfood,,12,,,,Night,,,,,
859,7/17/2022,Sugarcane juice,Beverages,,13,,,,Morning,,,,,
860,7/17/2022,Frankie,Fastfood,,3,,,,Night,,,,,
861,7/18/2022,Sugarcane juice,Beverages,,12,,,,Morning,,,,,
862,7/18/2022,Sugarcane juice,Beverages,,15,,,,Night,,,,,
863,7/19/2022,Sugarcane juice,Beverages,,9,,,,Afternoon,,,,,
864,7/19/2022,Frankie,Fastfood,,3,,,,Evening,,,,,
865,7/19/2022,Sugarcane juice,Beverages,,14,,,,Evening,,,,,
866,7/20/2022,Panipuri,Fastfood,,3,,,,Evening,,,,,
867,7/20/2022,Frankie,Fastfood,,6,,,,Night,,,,,
868,7/21/2022,Panipuri,Fastfood,,1,,,,Evening,,,,,
869,7/21/2022,Panipuri,Fastfood,,11,,,,Morning,,,,,
870,7/21/2022,Sandwich,Fastfood,,7,,,,Midnight,,,,,
871,7/21/2022,Sugarcane juice,Beverages,,4,,,,Night,,,,,
872,7/22/2022,Aalopuri,Fastfood,,1,,,,Evening,,,,,
873,7/22/2022,Sugarcane juice,Beverages,,5,,,,Midnight,,,,,
874,7/23/2022,Vadapav,Fastfood,,10,,,,Night,,,,,
875,7/24/2022,Frankie,Fastfood,,10,,,,Midnight,,,,,
876,7/24/2022,Aalopuri,Fastfood,,12,,,,Midnight,,,,,
877,7/25/2022,Aalopuri,Fastfood,,4,,,,Morning,,,,,
878,7/25/2022,Sandwich,Fastfood,,9,,,,Night,,,,,
879,7/26/2022,Aalopuri,Fastfood,,13,,,,Afternoon,,,,,
880,7/26/2022,Panipuri,Fastfood,,13,,,,Afternoon,,,,,
881,7/26/2022,Sandwich,Fastfood,,9,,,,Night,,,,,
882,7/27/2022,Aalopuri,Fastfood,,4,,,,Night,,,,,
883,7/27/2022,Panipuri,Fastfood,,10,,,,Midnight,,,,,
884,7/27/2022,Vadapav,Fastfood,,6,,,,Evening,,,,,
885,7/27/2022,Sandwich,Fastfood,,8,,,,Evening,,,,,
886,7/27/2022,Panipuri,Fastfood,,6,,,,Night,,,,,
887,7/29/2022,Panipuri,Fastfood,,5,,,,Midnight,,,,,
888,7/29/2022,Frankie,Fastfood,,5,,,,Night,,,,,
889,7/30/2022,Panipuri,Fastfood,,12,,,,Night,,,,,
890,7/30/2022,Sugarcane juice,Beverages,,7,,,,Evening,,,,,
891,7/30/2022,Aalopuri,Fastfood,,9,,,,Midnight,,,,,
892,7/31/2022,Panipuri,Fastfood,,5,,,,Morning,,,,,
893,7/31/2022,Frankie,Fastfood,,7,,,,Morning,,,,,
894,7/31/2022,Cold coffee,Beverages,,9,,,,Morning,,,,,
895,8/13/2022,Vadapav,Fastfood,,6,,,,Afternoon,,,,,
896,8/13/2022,Panipuri,Fastfood,,12,,,,Afternoon,,,,,
897,8/13/2022,Sugarcane juice,Beverages,,7,,,,Afternoon,,,,,
898,8/13/2022,Frankie,Fastfood,,10,,,,Midnight,,,,,
899,8/14/2022,Aalopuri,Fastfood,,10,,,,Afternoon,,,,,
900,8/14/2022,Sandwich,Fastfood,,14,,,,Morning,,,,,
901,8/14/2022,Sandwich,Fastfood,,1,,,,Evening,,,,,
902,8/14/2022,Cold coffee,Beverages,,7,,,,Afternoon,,,,,
903,8/14/2022,Panipuri,Fastfood,,11,,,,Midnight,,,,,
904,8/15/2022,Sugarcane juice,Beverages,,6,,,,Afternoon,,,,,
905,8/15/2022,Cold coffee,Beverages,,10,,,,Evening,,,,,
906,8/15/2022,Vadapav,Fastfood,,6,,,,Midnight,,,,,
907,8/15/2022,Panipuri,Fastfood,,15,,,,Midnight,,,,,
908,8/15/2022,Panipuri,Fastfood,,5,,,,Midnight,,,,,
909,8/16/2022,Cold coffee,Beverages,,9,,,,Night,,,,,
910,8/16/2022,Aalopuri,Fastfood,,11,,,,Night,,,,,
911,8/17/2022,Vadapav,Fastfood,,9,,,,Morning,,,,,
912,8/17/2022,Panipuri,Fastfood,,5,,,,Evening,,,,,
913,8/17/2022,Panipuri,Fastfood,,14,,,,Afternoon,,,,,
914,8/17/2022,Aalopuri,Fastfood,,13,,,,Evening,,,,,
915,8/18/2022,Sugarcane juice,Beverages,,4,,,,Afternoon,,,,,
916,8/18/2022,Panipuri,Fastfood,,6,,,,Evening,,,,,
917,8/19/2022,Aalopuri,Fastfood,,3,,,,Night,,,,,
918,8/20/2022,Cold coffee,Beverages,,11,,,,Afternoon,,,,,
919,8/20/2022,Vadapav,Fastfood,,3,,,,Afternoon,,,,,
920,8/20/2022,Cold coffee,Beverages,,9,,,,Morning,,,,,
921,8/21/2022,Panipuri,Fastfood,,4,,,,Evening,,,,,
922,8/21/2022,Aalopuri,Fastfood,,12,,,,Morning,,,,,
923,8/22/2022,Panipuri,Fastfood,,11,,,,Night,,,,,
924,8/22/2022,Sandwich,Fastfood,,15,,,,Morning,,,,,
925,8/22/2022,Sandwich,Fastfood,,7,,,,Night,,,,,
926,8/22/2022,Sugarcane juice,Beverages,,7,,,,Night,,,,,
927,8/22/2022,Aalopuri,Fastfood,,6,,,,Morning,,,,,
928,8/23/2022,Vadapav,Fastfood,,15,,,,Afternoon,,,,,
929,8/24/2022,Aalopuri,Fastfood,,15,,,,Morning,,,,,
930,8/24/2022,Cold coffee,Beverages,,8,,,,Evening,,,,,
931,8/24/2022,Panipuri,Fastfood,,10,,,,Midnight,,,,,
932,8/24/2022,Aalopuri,Fastfood,,5,,,,Midnight,,,,,
933,8/25/2022,Cold coffee,Beverages,,5,,,,Night,,,,,
934,8/25/2022,Aalopuri,Fastfood,,5,,,,Midnight,,,,,
935,8/26/2022,Sugarcane juice,Beverages,,13,,,,Evening,,,,,
936,8/26/2022,Cold coffee,Beverages,,8,,,,Afternoon,,,,,
937,8/26/2022,Cold coffee,Beverages,,13,,,,Midnight,,,,,
938,8/27/2022,Sugarcane juice,Beverages,,6,,,,Night,,,,,
939,8/27/2022,Aalopuri,Fastfood,,13,,,,Night,,,,,
940,8/27/2022,Aalopuri,Fastfood,,10,,,,Night,,,,,
941,8/27/2022,Vadapav,Fastfood,,5,,,,Night,,,,,
942,8/27/2022,Panipuri,Fastfood,,5,,,,Afternoon,,,,,
943,8/28/2022,Cold coffee,Beverages,,12,,,,Evening,,,,,
944,8/28/2022,Sugarcane juice,Beverages,,15,,,,Night,,,,,
945,8/30/2022,Vadapav,Fastfood,,14,,,,Afternoon,,,,,
946,8/30/2022,Sandwich,Fastfood,,6,,,,Night,,,,,
947,8/31/2022,Sandwich,Fastfood,,1,,,,Evening,,,,,
948,8/31/2022,Cold coffee,Beverages,,2,,,,Night,,,,,
949,8/31/2022,Cold coffee,Beverages,,1,,,,Morning,,,,,
950,8/31/2022,Cold coffee,Beverages,,9,,,,Night,,,,,
951,8/31/2022,Cold coffee,Beverages,,5,,,,Night,,,,,
952,8/31/2022,Vadapav,Fastfood,,10,,,,Afternoon,,,,,
953,8/31/2022,Vadapav,Fastfood,,11,,,,Morning,,,,,
954,8/31/2022,Vadapav,Fastfood,,2,,,,Midnight,,,,,
955,9/14/2022,Cold coffee,Beverages,,13,,,,Evening,,,,,
956,9/14/2022,Aalopuri,Fastfood,,15,,,,Night,,,,,
957,9/14/2022,Vadapav,Fastfood,,15,,,,Afternoon,,,,,
958,9/14/2022,Panipuri,Fastfood,,12,,,,Evening,,,,,
959,9/14/2022,Vadapav,Fastfood,,15,,,,Midnight,,,,,
960,9/15/2022,Cold coffee,Beverages,,10,,,,Night,,,,,
961,9/15/2022,Aalopuri,Fastfood,,9,,,,Morning,,,,,
962,9/15/2022,Sugarcane juice,Beverages,,4,,,,Morning,,,,,
963,9/16/2022,Panipuri,Fastfood,,5,,,,Afternoon,,,,,
964,9/16/2022,Vadapav,Fastfood,,2,,,,Afternoon,,,,,
965,9/17/2022,Sandwich,Fastfood,,12,,,,Midnight,,,,,
966,9/17/2022,Aalopuri,Fastfood,,6,,,,Evening,,,,,
967,9/18/2022,Frankie,Fastfood,,8,,,,Afternoon,,,,,
968,9/18/2022,Aalopuri,Fastfood,,15,,,,Night,,,,,
969,9/18/2022,Vadapav,Fastfood,,5,,,,Afternoon,,,,,
970,9/19/2022,Vadapav,Fastfood,,1,,,,Midnight,,,,,
971,9/19/2022,Cold coffee,Beverages,,3,,,,Night,,,,,
972,9/19/2022,Cold coffee,Beverages,,6,,,,Night,,,,,
973,9/19/2022,Cold coffee,Beverages,,4,,,,Afternoon,,,,,
974,9/20/2022,Frankie,Fastfood,,13,,,,Night,,,,,
975,9/20/2022,Sandwich,Fastfood,,14,,,,Night,,,,,
976,9/20/2022,Sandwich,Fastfood,,7,,,,Evening,,,,,
977,9/21/2022,Aalopuri,Fastfood,,9,,,,Afternoon,,,,,
978,9/21/2022,Panipuri,Fastfood,,13,,,,Night,,,,,
979,9/21/2022,Cold coffee,Beverages,,8,,,,Morning,,,,,
980,9/21/2022,Sandwich,Fastfood,,9,,,,Afternoon,,,,,
981,9/21/2022,Cold coffee,Beverages,,10,,,,Midnight,,,,,
982,9/21/2022,Panipuri,Fastfood,,1,,,,Morning,,,,,
983,9/21/2022,Vadapav,Fastfood,,14,,,,Midnight,,,,,
984,9/22/2022,Panipuri,Fastfood,,8,,,,Morning,,,,,
985,9/22/2022,Sugarcane juice,Beverages,,12,,,,Midnight,,,,,
986,9/23/2022,Aalopuri,Fastfood,,1,,,,Evening,,,,,
987,9/24/2022,Aalopuri,Fastfood,,14,,,,Evening,,,,,
988,9/25/2022,Cold coffee,Beverages,,3,,,,Midnight,,,,,
989,9/25/2022,Panipuri,Fastfood,,13,,,,Afternoon,,,,,
990,9/25/2022,Vadapav,Fastfood,,3,,,,Evening,,,,,
991,9/25/2022,Frankie,Fastfood,,6,,,,Evening,,,,,
992,9/27/2022,Cold coffee,Beverages,,2,,,,Morning,,,,,
993,9/27/2022,Panipuri,Fastfood,,15,,,,Evening,,,,,
994,9/27/2022,Sugarcane juice,Beverages,,7,,,,Afternoon,,,,,
995,9/28/2022,Frankie,Fastfood,,4,,,,Evening,,,,,
996,9/28/2022,Vadapav,Fastfood,,3,,,,Evening,,,,,
997,9/29/2022,Vadapav,Fastfood,,3,,,,Midnight,,,,,
998,9/29/2022,Vadapav,Fastfood,,8,,,,Morning,,,,,
999,9/30/2022,Sugarcane juice,Beverages,,6,,,,Midnight,,,,,
1000,9/30/2022,Frankie,Fastfood,,13,,,,Afternoon,,,,,
